model,slot,condition,layer,depth,n,ld_logitlens_norm_mean,ld_logitlens_norm_median,ld_logitlens_raw_pos_mean,ld_logitlens_raw_neg_mean,ld_tunedlens_norm_mean,gap
gemma-3-4b-pt,gender,C1,0,0.0,228,2.8079948613423045,3.494665922991197,20.530061721801758,20.530061721801758,,
gemma-3-4b-pt,gender,C1,1,0.029411764705882353,228,-8.213175948650981,-0.11507620200849289,18.7745304107666,18.74073028564453,,
gemma-3-4b-pt,gender,C1,2,0.058823529411764705,228,-4.208289930799951,0.979567462774687,17.508895874023438,17.51158905029297,,
gemma-3-4b-pt,gender,C1,3,0.08823529411764706,228,-5.891634875564763,1.8795395633372396,16.45720863342285,16.517457962036133,,
gemma-3-4b-pt,gender,C1,4,0.11764705882352941,228,-8.040509780171659,2.185328667351424,12.091165542602539,12.212891578674316,,
gemma-3-4b-pt,gender,C1,5,0.14705882352941177,228,-3.247483856484861,1.2692300805401506,4.168765068054199,4.195616245269775,,
gemma-3-4b-pt,gender,C1,6,0.17647058823529413,228,-3.8033646849699037,1.1707791050502712,1.366794228553772,1.3914457559585571,,
gemma-3-4b-pt,gender,C1,7,0.20588235294117646,228,-3.0255994385479874,0.6200533854224279,2.0273265838623047,2.081672191619873,,
gemma-3-4b-pt,gender,C1,8,0.23529411764705882,228,-2.2445244184993784,0.7703186562878233,0.4264768958091736,0.4753085970878601,,
gemma-3-4b-pt,gender,C1,9,0.2647058823529412,228,-1.6351831992907624,0.5686156463266888,0.3537803590297699,0.4128970801830292,,
gemma-3-4b-pt,gender,C1,10,0.29411764705882354,228,-0.9576191113042665,0.4987194211288564,0.30466291308403015,0.3486361503601074,,
gemma-3-4b-pt,gender,C1,11,0.3235294117647059,228,-0.7067491609689823,0.24333724206869345,0.0568220391869545,0.08848273754119873,,
gemma-3-4b-pt,gender,C1,12,0.35294117647058826,228,-0.4415499787891401,0.21457779060822324,0.15699991583824158,0.16129562258720398,,
gemma-3-4b-pt,gender,C1,13,0.38235294117647056,228,-0.4452955311207174,0.1628469363176933,0.06708171963691711,0.08753322809934616,,
gemma-3-4b-pt,gender,C1,14,0.4117647058823529,228,-0.3245625645376676,0.228693686481368,0.14603334665298462,0.1583215296268463,,
gemma-3-4b-pt,gender,C1,15,0.4411764705882353,228,-0.37184916324001915,0.26938734732103986,-0.019360216334462166,0.0017184761818498373,,
gemma-3-4b-pt,gender,C1,16,0.47058823529411764,228,-0.5391867788292674,0.2277104091569539,0.0611095167696476,0.04892429709434509,,
gemma-3-4b-pt,gender,C1,17,0.5,228,-0.4892962895342753,0.25362981669669427,-0.06916490197181702,-0.10604026913642883,,
gemma-3-4b-pt,gender,C1,18,0.5294117647058824,228,-0.40358475814877987,0.28150901322146105,0.20901890099048615,0.06932081282138824,,
gemma-3-4b-pt,gender,C1,19,0.5588235294117647,228,-0.40900082886234657,0.3718669693932015,0.20997440814971924,0.08783219009637833,,
gemma-3-4b-pt,gender,C1,20,0.5882352941176471,228,-0.665883107588286,0.45711755641734314,0.43750065565109253,0.23539258539676666,,
gemma-3-4b-pt,gender,C1,21,0.6176470588235294,228,-0.4969668902993541,0.6196105472595588,0.35600969195365906,-0.030771523714065552,,
gemma-3-4b-pt,gender,C1,22,0.6470588235294118,228,-0.07782930632417182,0.5986103195898074,-0.2366701066493988,-0.7396689057350159,,
gemma-3-4b-pt,gender,C1,23,0.6764705882352942,228,-0.028615996459300942,0.5511087567390931,-0.30787190794944763,-0.7264984250068665,,
gemma-3-4b-pt,gender,C1,24,0.7058823529411765,228,0.01675411998239976,0.725771715730901,1.0931822061538696,-0.5633935928344727,,
gemma-3-4b-pt,gender,C1,25,0.7352941176470589,228,-0.7401389974776107,0.9386327940404995,1.2856873273849487,-0.9308155179023743,,
gemma-3-4b-pt,gender,C1,26,0.7647058823529411,228,-0.23821085630075856,1.126229523967335,0.9860167503356934,-1.3872164487838745,,
gemma-3-4b-pt,gender,C1,27,0.7941176470588235,228,-0.18686994181036629,1.1459461708952303,1.0534913539886475,-1.485674262046814,,
gemma-3-4b-pt,gender,C1,28,0.8235294117647058,228,0.0179355705456,1.0846187492692887,0.8737826943397522,-1.7129443883895874,,
gemma-3-4b-pt,gender,C1,29,0.8529411764705882,228,0.31539695698744263,1.0409110626265339,1.0180093050003052,-1.4128196239471436,,
gemma-3-4b-pt,gender,C1,30,0.8823529411764706,228,0.035825611495404655,1.1925042577198364,0.671225368976593,-1.785429835319519,,
gemma-3-4b-pt,gender,C1,31,0.9117647058823529,228,-0.025043489257113475,1.0884818913950087,1.1205673217773438,-1.8800084590911865,,
gemma-3-4b-pt,gender,C1,32,0.9411764705882353,228,-0.07650110451981088,1.108773620743181,0.8681701421737671,-2.1783668994903564,,
gemma-3-4b-pt,gender,C1,33,0.9705882352941176,228,0.5852257040672724,1.0700332249208415,0.5761103630065918,-3.263929843902588,,
gemma-3-4b-pt,gender,C1,34,1.0,228,0.9999999997886417,1.0,0.5244998931884766,-3.4244346618652344,,
gemma-3-4b-pt,gender,C3,0,0.0,300,-13.036358615530586,-5.231315447858739,-5.299014568328857,-5.299014568328857,,
gemma-3-4b-pt,gender,C3,1,0.029411764705882353,300,28.77302588247157,2.15302887273003,-15.35822582244873,-15.35822582244873,,
gemma-3-4b-pt,gender,C3,2,0.058823529411764705,300,33.43596523464183,3.522659772068593,-16.972328186035156,-16.972328186035156,,
gemma-3-4b-pt,gender,C3,3,0.08823529411764706,300,34.26288865806113,6.566105775736348,-18.253847122192383,-18.253847122192383,,
gemma-3-4b-pt,gender,C3,4,0.11764705882352941,300,24.08483453965541,7.093929533246019,-15.299240112304688,-15.299240112304688,,
gemma-3-4b-pt,gender,C3,5,0.14705882352941177,300,12.26775243220941,2.716697554697016,-6.831150531768799,-6.831150531768799,,
gemma-3-4b-pt,gender,C3,6,0.17647058823529413,300,6.457774994501703,2.1688480397189487,-4.627410888671875,-4.627410888671875,,
gemma-3-4b-pt,gender,C3,7,0.20588235294117646,300,6.961558504974705,1.8434738212292054,-4.077078342437744,-4.077078342437744,,
gemma-3-4b-pt,gender,C3,8,0.23529411764705882,300,3.9408888034762732,1.3801562566080197,-2.812058687210083,-2.812058687210083,,
gemma-3-4b-pt,gender,C3,9,0.2647058823529412,300,3.2067135347854903,0.857318827953376,-1.7089754343032837,-1.7089754343032837,,
gemma-3-4b-pt,gender,C3,10,0.29411764705882354,300,2.655040876273845,0.7712795072992774,-1.3420971632003784,-1.3420971632003784,,
gemma-3-4b-pt,gender,C3,11,0.3235294117647059,300,1.7503294820176445,0.3521857675878828,-0.8898604512214661,-0.8898604512214661,,
gemma-3-4b-pt,gender,C3,12,0.35294117647058826,300,1.6029349106259803,0.49826928589799635,-0.9427791237831116,-0.9427791237831116,,
gemma-3-4b-pt,gender,C3,13,0.38235294117647056,300,1.0533106050775152,0.40538085269992696,-0.6407412886619568,-0.6407412886619568,,
gemma-3-4b-pt,gender,C3,14,0.4117647058823529,300,1.105612014710681,0.3579856356387593,-0.6346714496612549,-0.6346714496612549,,
gemma-3-4b-pt,gender,C3,15,0.4411764705882353,300,0.8216282988743548,0.47486950732814504,-0.31850001215934753,-0.31850001215934753,,
gemma-3-4b-pt,gender,C3,16,0.47058823529411764,300,0.9982477151063492,0.44944864640636434,-0.5394495725631714,-0.5394495725631714,,
gemma-3-4b-pt,gender,C3,17,0.5,300,0.6987776101219267,0.4044991353680013,-0.5188724994659424,-0.5188724994659424,,
gemma-3-4b-pt,gender,C3,18,0.5294117647058824,300,0.9309563019523451,0.3953398372509853,-0.6217606663703918,-0.6217606663703918,,
gemma-3-4b-pt,gender,C3,19,0.5588235294117647,300,0.914384161834696,0.4369394276473405,-0.6398088335990906,-0.6398088335990906,,
gemma-3-4b-pt,gender,C3,20,0.5882352941176471,300,1.9560062745274494,0.7858808026078016,-1.366056203842163,-1.366056203842163,,
gemma-3-4b-pt,gender,C3,21,0.6176470588235294,300,1.7087774370346223,0.7500375336051508,-1.1382519006729126,-1.1382519006729126,,
gemma-3-4b-pt,gender,C3,22,0.6470588235294118,300,1.5236231761432144,0.6456582045802699,-0.5551570057868958,-0.5551570057868958,,
gemma-3-4b-pt,gender,C3,23,0.6764705882352942,300,1.802619986487167,0.5068480078602406,-0.4685365855693817,-0.4685365855693817,,
gemma-3-4b-pt,gender,C3,24,0.7058823529411765,300,1.8364607093366134,0.665012521529412,-0.870661199092865,-0.870661199092865,,
gemma-3-4b-pt,gender,C3,25,0.7352941176470589,300,3.45910051257629,0.8537442151939874,-1.2206628322601318,-1.2206628322601318,,
gemma-3-4b-pt,gender,C3,26,0.7647058823529411,300,2.7307867321104804,1.0723191652919692,-0.921466052532196,-0.921466052532196,,
gemma-3-4b-pt,gender,C3,27,0.7941176470588235,300,1.933428833459201,0.903074301672227,-0.6253930330276489,-0.6253930330276489,,
gemma-3-4b-pt,gender,C3,28,0.8235294117647058,300,1.9717841795464779,0.8927143427419426,-0.17194032669067383,-0.17194032669067383,,
gemma-3-4b-pt,gender,C3,29,0.8529411764705882,300,1.9698691795771182,0.768301773107831,-0.42026010155677795,-0.42026010155677795,,
gemma-3-4b-pt,gender,C3,30,0.8823529411764706,300,1.3835307846220601,0.7773352088508474,-0.1545385867357254,-0.1545385867357254,,
gemma-3-4b-pt,gender,C3,31,0.9117647058823529,300,1.7322963537432379,0.7722627179049519,-0.4120517075061798,-0.4120517075061798,,
gemma-3-4b-pt,gender,C3,32,0.9411764705882353,300,1.7019463011877718,0.7569320592574978,-0.4064493775367737,-0.4064493775367737,,
gemma-3-4b-pt,gender,C3,33,0.9705882352941176,300,1.0462054981367885,0.949690660409589,-0.11922960728406906,-0.11922960728406906,,
gemma-3-4b-pt,gender,C3,34,1.0,300,1.0,1.0,-0.25183841586112976,-0.25183841586112976,,
gemma-3-4b-pt,number,C1,0,0.0,160,-22.70486509769426,1.9325530890297702,-9.730798721313477,-9.730798721313477,,
gemma-3-4b-pt,number,C1,1,0.029411764705882353,160,-20.278151541831413,0.0072198795042119355,-5.308142185211182,-5.301994323730469,,
gemma-3-4b-pt,number,C1,2,0.058823529411764705,160,-22.952993168205204,-0.005886851729755682,-4.076788902282715,-4.0736284255981445,,
gemma-3-4b-pt,number,C1,3,0.08823529411764706,160,-25.112332177331478,0.906576055728231,-3.9233155250549316,-3.9113640785217285,,
gemma-3-4b-pt,number,C1,4,0.11764705882352941,160,-23.795002827139093,-0.0535884026140742,-4.716530799865723,-4.674959659576416,,
gemma-3-4b-pt,number,C1,5,0.14705882352941177,160,-12.16922526127532,0.2258956671562004,-1.9117624759674072,-1.8809837102890015,,
gemma-3-4b-pt,number,C1,6,0.17647058823529413,160,-6.564433252214167,0.37095504624357545,-1.844893455505371,-1.8349193334579468,,
gemma-3-4b-pt,number,C1,7,0.20588235294117646,160,-6.077220106669084,0.302907709211579,-1.8828535079956055,-1.9215751886367798,,
gemma-3-4b-pt,number,C1,8,0.23529411764705882,160,-5.060970268178597,0.20242480193829884,-1.2904845476150513,-1.3631627559661865,,
gemma-3-4b-pt,number,C1,9,0.2647058823529412,160,-3.886223688385504,0.21089787825174092,-1.2387827634811401,-1.2785736322402954,,
gemma-3-4b-pt,number,C1,10,0.29411764705882354,160,-2.766688702687001,0.2081572871823814,-0.8797578811645508,-0.9679855108261108,,
gemma-3-4b-pt,number,C1,11,0.3235294117647059,160,-2.8102776681679433,0.24409714998847631,-0.8672927021980286,-0.9401955604553223,,
gemma-3-4b-pt,number,C1,12,0.35294117647058826,160,-2.1211988341587764,0.23548673204859163,-0.6446305513381958,-0.7525449991226196,,
gemma-3-4b-pt,number,C1,13,0.38235294117647056,160,-2.0860546817730947,0.1686769100512454,-0.5911920070648193,-0.7209600210189819,,
gemma-3-4b-pt,number,C1,14,0.4117647058823529,160,-2.250410743363605,0.09774900167099644,-0.45792627334594727,-0.6238945126533508,,
gemma-3-4b-pt,number,C1,15,0.4411764705882353,160,-2.0989334429455324,0.04488429232543458,-0.42672935128211975,-0.6192901730537415,,
gemma-3-4b-pt,number,C1,16,0.47058823529411764,160,-1.5813572245727117,0.12825885994356728,-0.5293934345245361,-0.756616473197937,,
gemma-3-4b-pt,number,C1,17,0.5,160,-1.6977656566114785,0.09972915164525298,-0.42655882239341736,-0.6394174695014954,,
gemma-3-4b-pt,number,C1,18,0.5294117647058824,160,-1.8708194867242647,0.12342713207124531,-0.7532088756561279,-1.1524490118026733,,
gemma-3-4b-pt,number,C1,19,0.5588235294117647,160,-1.5279845719351663,0.3162743684320484,-0.4785862863063812,-1.1346601247787476,,
gemma-3-4b-pt,number,C1,20,0.5882352941176471,160,-1.1576496870492834,0.299367019911045,-0.5200778245925903,-1.2349241971969604,,
gemma-3-4b-pt,number,C1,21,0.6176470588235294,160,-0.7899845232437845,0.37937342740571445,-0.2878860831260681,-1.0223493576049805,,
gemma-3-4b-pt,number,C1,22,0.6470588235294118,160,-0.41930902168716966,0.37923121259872705,-0.2408716231584549,-1.0628877878189087,,
gemma-3-4b-pt,number,C1,23,0.6764705882352942,160,0.6606125135577094,0.3811440495426204,-0.16813141107559204,-1.1696767807006836,,
gemma-3-4b-pt,number,C1,24,0.7058823529411765,160,2.6421480311526215,0.4382772083565543,-0.08224014937877655,-1.4364244937896729,,
gemma-3-4b-pt,number,C1,25,0.7352941176470589,160,0.8608627883750242,0.6336787311940537,-0.05829162523150444,-1.719407320022583,,
gemma-3-4b-pt,number,C1,26,0.7647058823529411,160,1.4870398256020358,0.6013092790814085,-0.18067240715026855,-1.9117778539657593,,
gemma-3-4b-pt,number,C1,27,0.7941176470588235,160,1.465102940831963,0.6558827834121532,-0.1659836322069168,-2.049497127532959,,
gemma-3-4b-pt,number,C1,28,0.8235294117647058,160,1.1124094595974912,0.660542757348634,-0.1592056304216385,-1.9492279291152954,,
gemma-3-4b-pt,number,C1,29,0.8529411764705882,160,2.0434528281583204,0.6388234835396283,-0.0601486936211586,-1.8673778772354126,,
gemma-3-4b-pt,number,C1,30,0.8823529411764706,160,1.5842640522383373,0.9255741587635469,-0.41214412450790405,-2.2334465980529785,,
gemma-3-4b-pt,number,C1,31,0.9117647058823529,160,2.3708051030846793,0.8118707929418272,-0.16278986632823944,-2.1514971256256104,,
gemma-3-4b-pt,number,C1,32,0.9411764705882353,160,1.8693530230344895,0.836130546050383,-0.5572282671928406,-2.5163376331329346,,
gemma-3-4b-pt,number,C1,33,0.9705882352941176,160,0.13247157380376512,0.876467853142411,-0.15875259041786194,-2.4914894104003906,,
gemma-3-4b-pt,number,C1,34,1.0,160,1.0000000004809346,1.0,-0.5250741243362427,-3.3227570056915283,,
gemma-3-4b-pt,number,C3,0,0.0,160,-48.35898359387362,9.753283830103257,-13.075750350952148,-13.075750350952148,,
gemma-3-4b-pt,number,C3,1,0.029411764705882353,160,-15.669286174545828,-4.921298650529254,-8.2224760055542,-8.2224760055542,,
gemma-3-4b-pt,number,C3,2,0.058823529411764705,160,-25.659548098167797,-1.6385670075480667,-13.441502571105957,-13.441502571105957,,
gemma-3-4b-pt,number,C3,3,0.08823529411764706,160,-23.4864619270293,-2.832173792947865,-13.602917671203613,-13.602917671203613,,
gemma-3-4b-pt,number,C3,4,0.11764705882352941,160,-13.099598067723878,-2.1871603413562193,-7.6015167236328125,-7.6015167236328125,,
gemma-3-4b-pt,number,C3,5,0.14705882352941177,160,-9.400300167618628,-1.622818971545057,-6.2118401527404785,-6.2118401527404785,,
gemma-3-4b-pt,number,C3,6,0.17647058823529413,160,-6.610772099031406,-2.197503939107688,-3.843039035797119,-3.843039035797119,,
gemma-3-4b-pt,number,C3,7,0.20588235294117646,160,-5.737884853918953,-2.1379908055572017,-3.252880573272705,-3.252880573272705,,
gemma-3-4b-pt,number,C3,8,0.23529411764705882,160,-5.053144124404823,-1.9802344508264353,-2.7603509426116943,-2.7603509426116943,,
gemma-3-4b-pt,number,C3,9,0.2647058823529412,160,-3.048864055700842,-1.7822546772464385,-1.5087082386016846,-1.5087082386016846,,
gemma-3-4b-pt,number,C3,10,0.29411764705882354,160,-1.9439185657445706,-1.2153973818601682,-0.7672280073165894,-0.7672280073165894,,
gemma-3-4b-pt,number,C3,11,0.3235294117647059,160,-1.5295586643768826,-0.8147528995089822,-0.9127005338668823,-0.9127005338668823,,
gemma-3-4b-pt,number,C3,12,0.35294117647058826,160,-1.329833372988492,-0.5989461058300585,-0.6574051380157471,-0.6574051380157471,,
gemma-3-4b-pt,number,C3,13,0.38235294117647056,160,-1.5144289097468417,-0.41987374989658705,-0.8532085418701172,-0.8532085418701172,,
gemma-3-4b-pt,number,C3,14,0.4117647058823529,160,-1.6943338662121352,-0.404230500929844,-0.849443256855011,-0.849443256855011,,
gemma-3-4b-pt,number,C3,15,0.4411764705882353,160,-1.7263698294076604,-0.47579490686445913,-0.8451319932937622,-0.8451319932937622,,
gemma-3-4b-pt,number,C3,16,0.47058823529411764,160,-1.0271245895907666,-0.36745284309313087,-0.3312024772167206,-0.3312024772167206,,
gemma-3-4b-pt,number,C3,17,0.5,160,-1.0132039581271801,-0.32808625287326276,-0.537697970867157,-0.537697970867157,,
gemma-3-4b-pt,number,C3,18,0.5294117647058824,160,-0.008587500398750381,-0.03115768868410534,0.23846635222434998,0.23846635222434998,,
gemma-3-4b-pt,number,C3,19,0.5588235294117647,160,-0.1434240380454511,-0.2064321592340791,0.2027350217103958,0.2027350217103958,,
gemma-3-4b-pt,number,C3,20,0.5882352941176471,160,-0.09506423795391808,0.2536354026909346,0.3652194142341614,0.3652194142341614,,
gemma-3-4b-pt,number,C3,21,0.6176470588235294,160,-0.17956335024612674,-0.12205960006732013,0.22398371994495392,0.22398371994495392,,
gemma-3-4b-pt,number,C3,22,0.6470588235294118,160,-0.1618112884726072,0.7043254232365508,-0.028205513954162598,-0.028205513954162598,,
gemma-3-4b-pt,number,C3,23,0.6764705882352942,160,0.21617485870618455,0.7753340828920035,0.09085134416818619,0.09085134416818619,,
gemma-3-4b-pt,number,C3,24,0.7058823529411765,160,0.6499933970989435,0.6358858113150774,0.8323850631713867,0.8323850631713867,,
gemma-3-4b-pt,number,C3,25,0.7352941176470589,160,0.9276208786383628,0.8841199420267536,0.356126606464386,0.356126606464386,,
gemma-3-4b-pt,number,C3,26,0.7647058823529411,160,1.4303803686522318,0.8786378475173563,0.6395739316940308,0.6395739316940308,,
gemma-3-4b-pt,number,C3,27,0.7941176470588235,160,0.5620370749356841,0.8783557451483059,0.8563140034675598,0.8563140034675598,,
gemma-3-4b-pt,number,C3,28,0.8235294117647058,160,0.5571601093219571,1.1906672943433634,0.6836039423942566,0.6836039423942566,,
gemma-3-4b-pt,number,C3,29,0.8529411764705882,160,-0.1662406773302802,0.8042683191953882,0.9661617279052734,0.9661617279052734,,
gemma-3-4b-pt,number,C3,30,0.8823529411764706,160,-0.07662883487673984,0.9848732452186606,0.7745603322982788,0.7745603322982788,,
gemma-3-4b-pt,number,C3,31,0.9117647058823529,160,0.5798091159471196,1.2075090238847466,1.184991478919983,1.184991478919983,,
gemma-3-4b-pt,number,C3,32,0.9411764705882353,160,1.213663565191255,1.428596778368361,1.8023395538330078,1.8023395538330078,,
gemma-3-4b-pt,number,C3,33,0.9705882352941176,160,0.8093482267542628,1.1688742993722485,1.1509220600128174,1.1509220600128174,,
gemma-3-4b-pt,number,C3,34,1.0,160,1.0,1.0,1.057835578918457,1.057835578918457,,
gemma-3-4b-pt,rationality,C1,0,0.0,210,-2.2639070937408348,4.638039398750831,11.482641220092773,11.482641220092773,,
gemma-3-4b-pt,rationality,C1,1,0.029411764705882353,210,1.4812307686610506,-0.15970673617205725,0.2633173167705536,0.270300954580307,,
gemma-3-4b-pt,rationality,C1,2,0.058823529411764705,210,3.7410654763265203,0.1352816743786015,0.4869096279144287,0.3686008155345917,,
gemma-3-4b-pt,rationality,C1,3,0.08823529411764706,210,2.6138299978232573,0.3350195594871246,-0.7180564999580383,-0.8232359290122986,,
gemma-3-4b-pt,rationality,C1,4,0.11764705882352941,210,3.4370281003825256,-0.08251725907050461,-0.13237421214580536,-0.22932647168636322,,
gemma-3-4b-pt,rationality,C1,5,0.14705882352941177,210,1.734507117489081,0.5324448101368837,-0.555205225944519,-0.6053305268287659,,
gemma-3-4b-pt,rationality,C1,6,0.17647058823529413,210,1.6615698048441963,0.7355104599370452,-0.49792516231536865,-0.5029850602149963,,
gemma-3-4b-pt,rationality,C1,7,0.20588235294117646,210,1.2605058698575442,0.6122252619048869,-0.6687766909599304,-0.6305296421051025,,
gemma-3-4b-pt,rationality,C1,8,0.23529411764705882,210,1.5593258804991557,0.7671757328812568,-0.8965266346931458,-0.8677085638046265,,
gemma-3-4b-pt,rationality,C1,9,0.2647058823529412,210,0.9188152603859264,0.4501095431994101,-0.6694760322570801,-0.6524982452392578,,
gemma-3-4b-pt,rationality,C1,10,0.29411764705882354,210,0.8510218261904101,0.21175266733409964,-0.4019145667552948,-0.40351516008377075,,
gemma-3-4b-pt,rationality,C1,11,0.3235294117647059,210,0.6615345705752753,0.21561070162578413,-0.2908102869987488,-0.2996484935283661,,
gemma-3-4b-pt,rationality,C1,12,0.35294117647058826,210,0.4979520220507665,0.23952811153321135,-0.28966090083122253,-0.29631757736206055,,
gemma-3-4b-pt,rationality,C1,13,0.38235294117647056,210,0.665616956769513,0.2793047710528145,-0.25286760926246643,-0.256625771522522,,
gemma-3-4b-pt,rationality,C1,14,0.4117647058823529,210,0.6188752890327861,0.27863611655628556,-0.14821219444274902,-0.15817764401435852,,
gemma-3-4b-pt,rationality,C1,15,0.4411764705882353,210,0.5506813883903204,0.26374406316741983,-0.13493800163269043,-0.16731248795986176,,
gemma-3-4b-pt,rationality,C1,16,0.47058823529411764,210,0.5268385335440601,0.27386220037932396,-0.08305536955595016,-0.1218264177441597,,
gemma-3-4b-pt,rationality,C1,17,0.5,210,0.6015988979847176,0.32041869260179223,-0.1016230657696724,-0.13875195384025574,,
gemma-3-4b-pt,rationality,C1,18,0.5294117647058824,210,0.6416015534210744,0.43500027629004706,0.16785195469856262,0.12883006036281586,,
gemma-3-4b-pt,rationality,C1,19,0.5588235294117647,210,0.5395226349998917,0.41344045190741385,-0.007921062409877777,-0.051505714654922485,,
gemma-3-4b-pt,rationality,C1,20,0.5882352941176471,210,0.5405155063897606,0.35359720403872563,0.29036182165145874,0.23164057731628418,,
gemma-3-4b-pt,rationality,C1,21,0.6176470588235294,210,0.603724910293579,0.5112043346857538,0.2402186244726181,0.18573163449764252,,
gemma-3-4b-pt,rationality,C1,22,0.6470588235294118,210,0.8276839057310519,0.7694409862911384,-0.0733099952340126,-0.10470303148031235,,
gemma-3-4b-pt,rationality,C1,23,0.6764705882352942,210,0.6910094556193525,0.5706856514610662,0.027149150148034096,-0.01671733893454075,,
gemma-3-4b-pt,rationality,C1,24,0.7058823529411765,210,0.7780890387784801,0.42514821548102344,0.14633941650390625,0.10044215619564056,,
gemma-3-4b-pt,rationality,C1,25,0.7352941176470589,210,0.9487652079198104,0.831767642624964,0.20918011665344238,0.1510172039270401,,
gemma-3-4b-pt,rationality,C1,26,0.7647058823529411,210,0.9600806474480088,0.8296077434003004,0.1376628279685974,0.08875327557325363,,
gemma-3-4b-pt,rationality,C1,27,0.7941176470588235,210,1.0489867633448546,1.1404182409891157,0.018063507974147797,-0.035882994532585144,,
gemma-3-4b-pt,rationality,C1,28,0.8235294117647058,210,1.0004098898262734,1.042553301043718,-0.04647134244441986,-0.13429337739944458,,
gemma-3-4b-pt,rationality,C1,29,0.8529411764705882,210,1.068517190075014,0.9322353079110707,-0.4258667230606079,-0.588783860206604,,
gemma-3-4b-pt,rationality,C1,30,0.8823529411764706,210,1.2373141563747356,1.185758701645836,0.270574688911438,0.0946701392531395,,
gemma-3-4b-pt,rationality,C1,31,0.9117647058823529,210,1.3068193483756356,1.0198833407030046,0.43184277415275574,-0.020352844148874283,,
gemma-3-4b-pt,rationality,C1,32,0.9411764705882353,210,1.7908854648413572,1.2918379595323222,0.5540676116943359,-0.008918525651097298,,
gemma-3-4b-pt,rationality,C1,33,0.9705882352941176,210,1.1600907826487734,1.0484363955156328,0.20682036876678467,-0.320812851190567,,
gemma-3-4b-pt,rationality,C1,34,1.0,210,0.9999999993799181,1.0,0.33677977323532104,-0.27250295877456665,,
gemma-3-4b-pt,rationality,C3,0,0.0,400,4.12618689435507,0.48064933766647716,-19.961610794067383,-19.961610794067383,,
gemma-3-4b-pt,rationality,C3,1,0.029411764705882353,400,-8.09141187449037,-3.7100630396476877,-29.2597713470459,-29.2597713470459,,
gemma-3-4b-pt,rationality,C3,2,0.058823529411764705,400,-9.578604162771684,-3.0357245380935156,-32.621620178222656,-32.621620178222656,,
gemma-3-4b-pt,rationality,C3,3,0.08823529411764706,400,-7.951015902991879,-1.9533626937014146,-29.774511337280273,-29.774511337280273,,
gemma-3-4b-pt,rationality,C3,4,0.11764705882352941,400,-6.004394109661636,-0.7888988391489801,-23.807836532592773,-23.807836532592773,,
gemma-3-4b-pt,rationality,C3,5,0.14705882352941177,400,-3.2483774592355896,0.1345524059822582,-12.914307594299316,-12.914307594299316,,
gemma-3-4b-pt,rationality,C3,6,0.17647058823529413,400,-2.2253357301962255,0.16250649399344594,-9.778441429138184,-9.778441429138184,,
gemma-3-4b-pt,rationality,C3,7,0.20588235294117646,400,-2.0374688248845745,0.7486694812504455,-9.28361988067627,-9.28361988067627,,
gemma-3-4b-pt,rationality,C3,8,0.23529411764705882,400,-1.9512913705465047,0.46456158662522473,-7.856295108795166,-7.856295108795166,,
gemma-3-4b-pt,rationality,C3,9,0.2647058823529412,400,-1.390204521865744,0.28947420307427074,-5.329071044921875,-5.329071044921875,,
gemma-3-4b-pt,rationality,C3,10,0.29411764705882354,400,-0.9723770007929227,0.2718956113076526,-3.880542039871216,-3.880542039871216,,
gemma-3-4b-pt,rationality,C3,11,0.3235294117647059,400,-0.6747243112101716,-0.005746239612587292,-2.719639778137207,-2.719639778137207,,
gemma-3-4b-pt,rationality,C3,12,0.35294117647058826,400,-0.5076596677504545,0.06012818056934209,-2.4197497367858887,-2.4197497367858887,,
gemma-3-4b-pt,rationality,C3,13,0.38235294117647056,400,-0.4162443411141389,-0.14548619270698093,-1.9280998706817627,-1.9280998706817627,,
gemma-3-4b-pt,rationality,C3,14,0.4117647058823529,400,-0.36885790204416224,-0.09488775920927175,-2.040513277053833,-2.040513277053833,,
gemma-3-4b-pt,rationality,C3,15,0.4411764705882353,400,-0.36352240332236396,-0.11726712838487696,-1.8698521852493286,-1.8698521852493286,,
gemma-3-4b-pt,rationality,C3,16,0.47058823529411764,400,-0.2621738359843244,0.22182041397829877,-1.522377371788025,-1.522377371788025,,
gemma-3-4b-pt,rationality,C3,17,0.5,400,-0.20417260204330737,0.030044263884853567,-1.045042634010315,-1.045042634010315,,
gemma-3-4b-pt,rationality,C3,18,0.5294117647058824,400,-0.008231811813657605,0.21656186444735925,-0.7474038004875183,-0.7474038004875183,,
gemma-3-4b-pt,rationality,C3,19,0.5588235294117647,400,-0.04155229719335214,0.32489972263058886,-1.1151372194290161,-1.1151372194290161,,
gemma-3-4b-pt,rationality,C3,20,0.5882352941176471,400,0.08741091157065299,0.4207122334993515,-0.9485923647880554,-0.9485923647880554,,
gemma-3-4b-pt,rationality,C3,21,0.6176470588235294,400,0.34343398501641104,0.3521019451555615,-0.31964489817619324,-0.31964489817619324,,
gemma-3-4b-pt,rationality,C3,22,0.6470588235294118,400,0.5786200275206519,0.5584301927638537,-0.06633316725492477,-0.06633316725492477,,
gemma-3-4b-pt,rationality,C3,23,0.6764705882352942,400,0.4648017710956547,0.49756082920447375,-0.06545515358448029,-0.06545515358448029,,
gemma-3-4b-pt,rationality,C3,24,0.7058823529411765,400,0.9966277935823925,0.9298206572775225,1.2966159582138062,1.2966159582138062,,
gemma-3-4b-pt,rationality,C3,25,0.7352941176470589,400,0.891906754450665,1.1459364188396486,-0.14751268923282623,-0.14751268923282623,,
gemma-3-4b-pt,rationality,C3,26,0.7647058823529411,400,1.2971418576930631,1.1558877438440676,1.3754229545593262,1.3754229545593262,,
gemma-3-4b-pt,rationality,C3,27,0.7941176470588235,400,1.0307584709431843,0.9617115389619235,0.6510024070739746,0.6510024070739746,,
gemma-3-4b-pt,rationality,C3,28,0.8235294117647058,400,0.8842369168097499,0.8780197155165502,0.21186664700508118,0.21186664700508118,,
gemma-3-4b-pt,rationality,C3,29,0.8529411764705882,400,0.9417345304035274,0.8781916321566894,0.5560335516929626,0.5560335516929626,,
gemma-3-4b-pt,rationality,C3,30,0.8823529411764706,400,0.9370716039454,0.9316639190943661,0.31911224126815796,0.31911224126815796,,
gemma-3-4b-pt,rationality,C3,31,0.9117647058823529,400,0.88464138340837,0.8990167259405244,0.3860549032688141,0.3860549032688141,,
gemma-3-4b-pt,rationality,C3,32,0.9411764705882353,400,0.8288803545657768,0.8710206369695417,0.2826176881790161,0.2826176881790161,,
gemma-3-4b-pt,rationality,C3,33,0.9705882352941176,400,0.9944255245444515,0.9855402694322446,1.3268324136734009,1.3268324136734009,,
gemma-3-4b-pt,rationality,C3,34,1.0,400,1.0,1.0,0.8198832869529724,0.8198832869529724,,
