model,slot,condition,direction,n_pairs,n_templates,onset_patch,ci_lo,ci_hi,max_r
gemma-3-4b-pt,number,C1,+-,50,9,0.5880273841854763,0.5615765562350088,0.6128054413106032,0.9917723424706161
gemma-3-4b-pt,number,C1,-+,50,9,0.5468709331474537,0.5373744626402208,0.5605781756028302,0.9922428610483424
gemma-3-4b-pt,number,C1,mean,50,9,0.5608263432960193,0.5497409455078807,0.5849797988554457,0.9920076017594794
gemma-3-4b-pt,rationality,C1,+-,50,4,0.887338177880026,0.8784603492327808,0.8912375439990006,0.8522552531301738
gemma-3-4b-pt,rationality,C1,-+,50,4,0.8877122467441245,0.8774999450974962,0.8913974156278991,0.8348056935269277
gemma-3-4b-pt,rationality,C1,mean,50,4,0.8875217369882579,0.8780041666506783,0.8911883303302929,0.8435304733285507
gemma-3-4b-pt,gender,C1,+-,50,6,0.7346718362409984,0.7139907662236941,0.8637550008655419,0.993091068778078
gemma-3-4b-pt,gender,C1,-+,50,6,0.7276332614826341,0.7062676446827667,0.8615906112196636,0.9965071356979602
gemma-3-4b-pt,gender,C1,mean,50,6,0.7312204680077906,0.7101947404620048,0.8626040298837454,0.9947991022380193
