model,slot,condition,direction,layer,depth,n,r_mean,r_median,r_sd
gemma-3-4b-pt,number,C1,+-,0,0.029411764705882353,50,-0.004195471037319854,-0.0006855455202104974,0.010592393497730066
gemma-3-4b-pt,number,C1,-+,0,0.029411764705882353,50,-0.004203846055664423,-0.002371018618043204,0.0113867603549917
gemma-3-4b-pt,number,C1,+-,2,0.08823529411764706,50,0.0005212711401297597,0.003819530289226357,0.02683119948513443
gemma-3-4b-pt,number,C1,-+,2,0.08823529411764706,50,0.002953499455835495,0.0016149772535367511,0.030858491728889482
gemma-3-4b-pt,number,C1,+-,4,0.14705882352941177,50,0.010107148704024526,0.0025318602034368537,0.03985102851621553
gemma-3-4b-pt,number,C1,-+,4,0.14705882352941177,50,0.013085564693298846,0.0031744627417556195,0.035525105973854956
gemma-3-4b-pt,number,C1,+-,6,0.20588235294117646,50,0.016079585336354393,0.0066324405692085135,0.06271307764662645
gemma-3-4b-pt,number,C1,-+,6,0.20588235294117646,50,0.02763383592536909,0.009393517044526161,0.0592253478439348
gemma-3-4b-pt,number,C1,+-,8,0.2647058823529412,50,0.03229199291669981,0.009590527013358236,0.08229714056085444
gemma-3-4b-pt,number,C1,-+,8,0.2647058823529412,50,0.04324003037392317,0.01294735601206672,0.07947525938172077
gemma-3-4b-pt,number,C1,+-,10,0.3235294117647059,50,0.0263143380956918,0.0036541343967451045,0.09115129269336776
gemma-3-4b-pt,number,C1,-+,10,0.3235294117647059,50,0.03825177375798806,0.01668954680881746,0.09385140944557094
gemma-3-4b-pt,number,C1,+-,12,0.38235294117647056,50,0.042372115343094735,0.02129063626168216,0.08408108611441781
gemma-3-4b-pt,number,C1,-+,12,0.38235294117647056,50,0.0678754222852881,0.052153749122182694,0.07858609508273048
gemma-3-4b-pt,number,C1,+-,14,0.4411764705882353,50,0.059406253017619995,0.017448243654909205,0.10756883619031953
gemma-3-4b-pt,number,C1,-+,14,0.4411764705882353,50,0.09599737706323674,0.051756428665388314,0.10093350552445353
gemma-3-4b-pt,number,C1,+-,16,0.5,50,0.12110433705750083,0.044107904021406796,0.15531796066958956
gemma-3-4b-pt,number,C1,-+,16,0.5,50,0.2040660471078436,0.1659765148530633,0.12833415262633674
gemma-3-4b-pt,number,C1,+-,18,0.5588235294117647,50,0.4136717157336921,0.44483446380230285,0.16679136055332355
gemma-3-4b-pt,number,C1,-+,18,0.5588235294117647,50,0.5754663673687437,0.5681497405005693,0.2438722737055312
gemma-3-4b-pt,number,C1,+-,20,0.6176470588235294,50,0.5875574718420782,0.6549881448445505,0.21013327550782257
gemma-3-4b-pt,number,C1,-+,20,0.6176470588235294,50,0.7205999136104747,0.7720750352694159,0.2697631862278033
gemma-3-4b-pt,number,C1,+-,22,0.6764705882352942,50,0.6010449786329349,0.6788976699630609,0.19593140756684344
gemma-3-4b-pt,number,C1,-+,22,0.6764705882352942,50,0.7306301647722314,0.8078413488075604,0.23802324395811963
gemma-3-4b-pt,number,C1,+-,24,0.7352941176470589,50,0.8539369298949883,0.9452700179625911,0.2744342568049061
gemma-3-4b-pt,number,C1,-+,24,0.7352941176470589,50,0.8659137753813586,0.9458513911773898,0.27731097824677464
gemma-3-4b-pt,number,C1,+-,26,0.7941176470588235,50,0.9217192696634235,0.980083684730531,0.2164364632699731
gemma-3-4b-pt,number,C1,-+,26,0.7941176470588235,50,0.9223182977897391,0.972417728657345,0.21218363721498168
gemma-3-4b-pt,number,C1,+-,28,0.8529411764705882,50,0.9353724613141998,0.9817516283901135,0.18721506245022165
gemma-3-4b-pt,number,C1,-+,28,0.8529411764705882,50,0.9383992134387669,0.981400635929681,0.18236250848218444
gemma-3-4b-pt,number,C1,+-,30,0.9117647058823529,50,0.9708017281621408,0.9885056728881423,0.05544821527447484
gemma-3-4b-pt,number,C1,-+,30,0.9117647058823529,50,0.9722700066316016,0.9884499986459292,0.05339097491793416
gemma-3-4b-pt,number,C1,+-,32,0.9705882352941176,50,0.9917723424706162,0.9932238343031505,0.015520484941812615
gemma-3-4b-pt,number,C1,-+,32,0.9705882352941176,50,0.9922428610483428,0.9943421145533449,0.014379728861101117
gemma-3-4b-pt,rationality,C1,+-,0,0.029411764705882353,50,-0.0021534135599856224,-0.0004960694408769853,0.014131974937553474
gemma-3-4b-pt,rationality,C1,-+,0,0.029411764705882353,50,0.0013470086820339476,0.0017703370437191996,0.00498176470326973
gemma-3-4b-pt,rationality,C1,+-,2,0.08823529411764706,50,-0.02971805480239783,0.008824828592747577,0.22828193338545866
gemma-3-4b-pt,rationality,C1,-+,2,0.08823529411764706,50,-0.04753498971731102,0.011887689227728914,0.2980097704848556
gemma-3-4b-pt,rationality,C1,+-,4,0.14705882352941177,50,-0.0506149491680625,0.014171120568359724,0.340161078072225
gemma-3-4b-pt,rationality,C1,-+,4,0.14705882352941177,50,-0.07565253218900601,0.013034423561307096,0.4417613766013333
gemma-3-4b-pt,rationality,C1,+-,6,0.20588235294117646,50,-0.16012565910089813,-0.017429731478831284,0.7127193941629673
gemma-3-4b-pt,rationality,C1,-+,6,0.20588235294117646,50,-0.1997081649993499,-0.05813110361196071,0.8181478514279277
gemma-3-4b-pt,rationality,C1,+-,8,0.2647058823529412,50,-0.23144832785041333,-0.07162245825469578,0.9828560776172964
gemma-3-4b-pt,rationality,C1,-+,8,0.2647058823529412,50,-0.24643918996818115,-0.06736905289997562,1.031884818146178
gemma-3-4b-pt,rationality,C1,+-,10,0.3235294117647059,50,-0.18482599594810975,0.011281162244092369,1.0821117926106376
gemma-3-4b-pt,rationality,C1,-+,10,0.3235294117647059,50,-0.22850625989392803,-0.0067895088226477,1.200273184135171
gemma-3-4b-pt,rationality,C1,+-,12,0.38235294117647056,50,-0.08276239776609208,0.016450019648533442,0.714077523484532
gemma-3-4b-pt,rationality,C1,-+,12,0.38235294117647056,50,-0.1308599062810389,0.01366183314728564,0.8937968437207199
gemma-3-4b-pt,rationality,C1,+-,14,0.4411764705882353,50,-0.05682113177636559,0.012869711244395099,0.5506738473997622
gemma-3-4b-pt,rationality,C1,-+,14,0.4411764705882353,50,-0.08755898731046363,0.015093366676516597,0.7146451635199743
gemma-3-4b-pt,rationality,C1,+-,16,0.5,50,-0.07034405706509599,0.026469645766334482,0.6053850969716215
gemma-3-4b-pt,rationality,C1,-+,16,0.5,50,-0.10166632094312028,0.05748950214267462,0.742707772314053
gemma-3-4b-pt,rationality,C1,+-,18,0.5588235294117647,50,-0.049217219438177376,0.05023543509694885,0.6002364290276386
gemma-3-4b-pt,rationality,C1,-+,18,0.5588235294117647,50,-0.076280264087526,0.08500081327318477,0.7156346027342878
gemma-3-4b-pt,rationality,C1,+-,20,0.6176470588235294,50,-0.03443718888183349,0.09958815887649183,0.6481074072297731
gemma-3-4b-pt,rationality,C1,-+,20,0.6176470588235294,50,-0.05713105328474662,0.1253091168014081,0.7233818437788851
gemma-3-4b-pt,rationality,C1,+-,22,0.6764705882352942,50,-0.07269076491840093,0.07609204184438592,0.6833883559190864
gemma-3-4b-pt,rationality,C1,-+,22,0.6764705882352942,50,-0.08020745149087143,0.1141205987340799,0.7117693631880199
gemma-3-4b-pt,rationality,C1,+-,24,0.7352941176470589,50,0.013629675838969936,0.1423565599472319,0.6715997031600869
gemma-3-4b-pt,rationality,C1,-+,24,0.7352941176470589,50,0.010236972263968415,0.18521711401630664,0.7137413590509192
gemma-3-4b-pt,rationality,C1,+-,26,0.7941176470588235,50,-0.028300250504844374,0.18328019005666243,0.9367593550821331
gemma-3-4b-pt,rationality,C1,-+,26,0.7941176470588235,50,-0.024343511986597743,0.22654895988909274,0.9423581926221994
gemma-3-4b-pt,rationality,C1,+-,28,0.8529411764705882,50,0.08744990251607968,0.28525811174700116,0.8301661702464055
gemma-3-4b-pt,rationality,C1,-+,28,0.8529411764705882,50,0.09817876211411271,0.3300578989375639,0.7926459774823116
gemma-3-4b-pt,rationality,C1,+-,30,0.9117647058823529,50,0.7929664242705964,0.8563923552315003,0.2125458283715907
gemma-3-4b-pt,rationality,C1,-+,30,0.9117647058823529,50,0.7779548868956827,0.8481106795919233,0.22711501796969194
gemma-3-4b-pt,rationality,C1,+-,32,0.9705882352941176,50,0.8522552531301741,0.9175140849384829,0.41632401699227783
gemma-3-4b-pt,rationality,C1,-+,32,0.9705882352941176,50,0.8348056935269272,0.9144614484103976,0.47970648303177876
gemma-3-4b-pt,gender,C1,+-,0,0.029411764705882353,50,0.0008611524657239377,0.0005737817022790729,0.0009102501564773705
gemma-3-4b-pt,gender,C1,-+,0,0.029411764705882353,50,0.0005949116026275335,0.0006502449133732663,0.000853276860908174
gemma-3-4b-pt,gender,C1,+-,2,0.08823529411764706,50,-0.00048883882179646,-3.771231665262665e-05,0.004031452675824761
gemma-3-4b-pt,gender,C1,-+,2,0.08823529411764706,50,-0.00045116988952098694,-0.0017242195345848295,0.006231527591979484
gemma-3-4b-pt,gender,C1,+-,4,0.14705882352941177,50,-0.005180111804630445,0.001501196943920887,0.013791116181071796
gemma-3-4b-pt,gender,C1,-+,4,0.14705882352941177,50,-0.007707191274358215,-0.008490765609605967,0.006334131618742951
gemma-3-4b-pt,gender,C1,+-,6,0.20588235294117646,50,-0.006580502963369229,-0.0019650860256164664,0.016191823184472473
gemma-3-4b-pt,gender,C1,-+,6,0.20588235294117646,50,-0.009294143122132413,-0.01316949046329506,0.01625233568704101
gemma-3-4b-pt,gender,C1,+-,8,0.2647058823529412,50,-0.010896248664906783,-0.00037195999042075365,0.023702523485969174
gemma-3-4b-pt,gender,C1,-+,8,0.2647058823529412,50,-0.008481849152974756,-0.011829660449536109,0.016002990683460838
gemma-3-4b-pt,gender,C1,+-,10,0.3235294117647059,50,-0.008467590959809123,-0.0013302030461384753,0.020472765587862048
gemma-3-4b-pt,gender,C1,-+,10,0.3235294117647059,50,0.003389388604523439,-0.0001299842643450989,0.01623618210955677
gemma-3-4b-pt,gender,C1,+-,12,0.38235294117647056,50,-0.014968817382965833,-0.00359114103819868,0.02432135176033104
gemma-3-4b-pt,gender,C1,-+,12,0.38235294117647056,50,0.022273163218505043,0.00874487136950177,0.03460361528685332
gemma-3-4b-pt,gender,C1,+-,14,0.4411764705882353,50,-0.01880319491186648,-0.00531767466292921,0.034530505445410406
gemma-3-4b-pt,gender,C1,-+,14,0.4411764705882353,50,0.009607602910133586,0.004711946715617159,0.0368625241084459
gemma-3-4b-pt,gender,C1,+-,16,0.5,50,-0.022855111944886045,-0.010806973236453526,0.048833633384650375
gemma-3-4b-pt,gender,C1,-+,16,0.5,50,0.00330573902633578,0.005374304175220479,0.052619057538336456
gemma-3-4b-pt,gender,C1,+-,18,0.5588235294117647,50,-0.008707145323110536,-0.001997426754172353,0.06255235012573337
gemma-3-4b-pt,gender,C1,-+,18,0.5588235294117647,50,0.010189818763328425,0.015483875432596519,0.055914480514508265
gemma-3-4b-pt,gender,C1,+-,20,0.6176470588235294,50,0.0012312439742363614,-0.00016290620362074308,0.06828665841676415
gemma-3-4b-pt,gender,C1,-+,20,0.6176470588235294,50,0.007678764150331835,-0.006588349572114473,0.0704242902385306
gemma-3-4b-pt,gender,C1,+-,22,0.6764705882352942,50,-0.018364857434372394,-0.017454871395564668,0.06380578786939105
gemma-3-4b-pt,gender,C1,-+,22,0.6764705882352942,50,0.06157894943717693,0.06332184787821477,0.09929906428847556
gemma-3-4b-pt,gender,C1,+-,24,0.7352941176470589,50,0.5055423006102024,0.8204996854457084,0.4447753027647476
gemma-3-4b-pt,gender,C1,-+,24,0.7352941176470589,50,0.5656470898535862,0.9281793070786002,0.4964309712105084
gemma-3-4b-pt,gender,C1,+-,26,0.7941176470588235,50,0.6125081961390427,0.85661123763514,0.37301148372685095
gemma-3-4b-pt,gender,C1,-+,26,0.7941176470588235,50,0.6333287543008143,0.9189782505753854,0.4051010877331434
gemma-3-4b-pt,gender,C1,+-,28,0.8529411764705882,50,0.665760848101897,0.8594456138993705,0.3028764777205096
gemma-3-4b-pt,gender,C1,-+,28,0.8529411764705882,50,0.7123821560353298,0.9634036416457142,0.35659364858655
gemma-3-4b-pt,gender,C1,+-,30,0.9117647058823529,50,0.9002163177073763,1.002640934486729,0.14111864747922526
gemma-3-4b-pt,gender,C1,-+,30,0.9117647058823529,50,0.930935353787659,1.0042933406196144,0.11149458748992791
gemma-3-4b-pt,gender,C1,+-,32,0.9705882352941176,50,0.9930910687780777,0.9959715051615521,0.007065778259419517
gemma-3-4b-pt,gender,C1,-+,32,0.9705882352941176,50,0.9965071356979602,0.9968479059359736,0.00417380465710508
