model,slot,condition,probe,layer,depth,n,auc,auc_ci_lo,auc_ci_hi,auc_bagoftokens,auc_embed,surface_max,excess_auc,shuffled_null_p95
gemma-3-4b-pt,gender,C1,P_out,0,0.0,228,0.7683673469387755,0.6651983197656276,0.865043604066562,0.97425431711146,0.7683673469387755,0.97425431711146,-0.20588697017268454,0.6415659340659341
gemma-3-4b-pt,gender,C1,P_out,3,0.08823529411764706,228,0.9298273155416013,0.8593058183814597,0.9723071154139395,0.97425431711146,0.7683673469387755,0.97425431711146,-0.04442700156985879,nan
gemma-3-4b-pt,gender,C1,P_out,6,0.17647058823529413,228,0.9322605965463108,0.8662047260385044,0.9831507804274127,0.97425431711146,0.7683673469387755,0.97425431711146,-0.04199372056514927,nan
gemma-3-4b-pt,gender,C1,P_out,9,0.2647058823529412,228,0.9472527472527472,0.8922411450250199,0.9857272763743115,0.97425431711146,0.7683673469387755,0.97425431711146,-0.027001569858712826,nan
gemma-3-4b-pt,gender,C1,P_out,12,0.35294117647058826,228,0.9770015698587127,0.9446821960103667,0.9968722682309639,0.97425431711146,0.7683673469387755,0.97425431711146,0.0027472527472526265,nan
gemma-3-4b-pt,gender,C1,P_out,15,0.4411764705882353,228,0.9646781789638932,0.9199242724867724,0.9939814086312907,0.97425431711146,0.7683673469387755,0.97425431711146,-0.00957613814756686,nan
gemma-3-4b-pt,gender,C1,P_out,18,0.5294117647058824,228,0.9642072213500785,0.9376679689239538,0.9910441610863842,0.97425431711146,0.7683673469387755,0.97425431711146,-0.01004709576138152,nan
gemma-3-4b-pt,gender,C1,P_out,21,0.6176470588235294,228,0.9749607535321821,0.9562588371841285,0.9939158821949569,0.97425431711146,0.7683673469387755,0.97425431711146,0.0007064364207221008,nan
gemma-3-4b-pt,gender,C1,P_out,24,0.7058823529411765,228,0.985243328100471,0.9635517319210599,0.9981084311000522,0.97425431711146,0.7683673469387755,0.97425431711146,0.01098901098901095,0.670631868131868
gemma-3-4b-pt,gender,C1,P_out,27,0.7941176470588235,228,0.9909733124018838,0.9770815373563219,0.9987187893867854,0.97425431711146,0.7683673469387755,0.97425431711146,0.016718995290423755,nan
gemma-3-4b-pt,gender,C1,P_out,30,0.8823529411764706,228,0.9815541601255888,0.9622188520170093,0.9970567384811571,0.97425431711146,0.7683673469387755,0.97425431711146,0.007299843014128782,nan
gemma-3-4b-pt,gender,C1,P_out,33,0.9705882352941176,228,0.983673469387755,0.9672650312210779,0.9966364648953213,0.97425431711146,0.7683673469387755,0.97425431711146,0.009419152276294973,nan
gemma-3-4b-pt,gender,C1,P_cue,0,0.0,228,0.5,0.5,0.5,1.0,0.5,1.0,-0.5,0.5522353031702062
gemma-3-4b-pt,gender,C1,P_cue,3,0.08823529411764706,228,0.8895044629116651,0.7839965277777777,0.9605688095671705,1.0,0.5,1.0,-0.11049553708833493,nan
gemma-3-4b-pt,gender,C1,P_cue,6,0.17647058823529413,228,0.8820406278855033,0.7827393476839027,0.9643980503616497,1.0,0.5,1.0,-0.1179593721144967,nan
gemma-3-4b-pt,gender,C1,P_cue,9,0.2647058823529412,228,0.9143582640812558,0.8387708333333334,0.9719687019082794,1.0,0.5,1.0,-0.08564173591874424,nan
gemma-3-4b-pt,gender,C1,P_cue,12,0.35294117647058826,228,0.9983071714373654,0.9950001381680124,1.0,1.0,0.5,1.0,-0.0016928285626346407,nan
gemma-3-4b-pt,gender,C1,P_cue,15,0.4411764705882353,228,0.9914589104339797,0.9828375605955678,0.9986159435801913,1.0,0.5,1.0,-0.008541089566020288,nan
gemma-3-4b-pt,gender,C1,P_cue,18,0.5294117647058824,228,0.9910741766697446,0.969433787040597,1.0,1.0,0.5,1.0,-0.008925823330255378,nan
gemma-3-4b-pt,gender,C1,P_cue,21,0.6176470588235294,228,0.9949984610649429,0.9863801219463539,1.0,1.0,0.5,1.0,-0.005001538935057059,nan
gemma-3-4b-pt,gender,C1,P_cue,24,0.7058823529411765,228,0.9998461064943058,0.9992294550173011,1.0,1.0,0.5,1.0,-0.00015389350569416926,0.5646622037550015
gemma-3-4b-pt,gender,C1,P_cue,27,0.7941176470588235,228,1.0,0.9999999999999999,1.0,1.0,0.5,1.0,0.0,nan
gemma-3-4b-pt,gender,C1,P_cue,30,0.8823529411764706,228,1.0,0.9999999999999999,1.0,1.0,0.5,1.0,0.0,nan
gemma-3-4b-pt,gender,C1,P_cue,33,0.9705882352941176,228,1.0,0.9999999999999999,1.0,1.0,0.5,1.0,0.0,nan
gemma-3-4b-pt,gender,C3,P_out,0,0.0,300,0.8186400293255133,0.7590795135746605,0.8805765550239235,0.8695014662756598,0.8186400293255133,0.8695014662756598,-0.050861436950146555,0.5151301319648095
gemma-3-4b-pt,gender,C3,P_out,3,0.08823529411764706,300,0.8541055718475072,0.7804247403088983,0.9254305815399213,0.8695014662756598,0.8186400293255133,0.8695014662756598,-0.01539589442815259,nan
gemma-3-4b-pt,gender,C3,P_out,6,0.17647058823529413,300,0.8839809384164223,0.8294208400047441,0.9332226698035233,0.8695014662756598,0.8186400293255133,0.8695014662756598,0.014479472140762506,nan
gemma-3-4b-pt,gender,C3,P_out,9,0.2647058823529412,300,0.8695014662756598,0.8023392788666966,0.9338676701900889,0.8695014662756598,0.8186400293255133,0.8695014662756598,0.0,nan
gemma-3-4b-pt,gender,C3,P_out,12,0.35294117647058826,300,0.9017595307917887,0.8237390465717079,0.9616671808804568,0.8695014662756598,0.8186400293255133,0.8695014662756598,0.03225806451612889,nan
gemma-3-4b-pt,gender,C3,P_out,15,0.4411764705882353,300,0.9232038123167154,0.8607979666206659,0.9710037979635778,0.8695014662756598,0.8186400293255133,0.8695014662756598,0.053702346041055615,nan
gemma-3-4b-pt,gender,C3,P_out,18,0.5294117647058824,300,0.9171554252199413,0.8602227403156384,0.9706907955479738,0.8695014662756598,0.8186400293255133,0.8695014662756598,0.04765395894428148,nan
gemma-3-4b-pt,gender,C3,P_out,21,0.6176470588235294,300,0.9140395894428153,0.8498425328071757,0.9706154016823584,0.8695014662756598,0.8186400293255133,0.8695014662756598,0.04453812316715544,nan
gemma-3-4b-pt,gender,C3,P_out,24,0.7058823529411765,300,0.8971774193548387,0.8374194284680468,0.9519655150071361,0.8695014662756598,0.8186400293255133,0.8695014662756598,0.027675953079178917,0.49726447947214086
gemma-3-4b-pt,gender,C3,P_out,27,0.7941176470588235,300,0.8947947214076246,0.8388317026941154,0.9457026513901792,0.8695014662756598,0.8186400293255133,0.8695014662756598,0.025293255131964787,nan
gemma-3-4b-pt,gender,C3,P_out,30,0.8823529411764706,300,0.9050586510263929,0.849987797016025,0.9518971309545682,0.8695014662756598,0.8186400293255133,0.8695014662756598,0.035557184750733106,nan
gemma-3-4b-pt,gender,C3,P_out,33,0.9705882352941176,300,0.9252199413489736,0.8768868778280543,0.9679724278933204,0.8695014662756598,0.8186400293255133,0.8695014662756598,0.055718475073313734,nan
gemma-3-4b-pt,number,C1,P_out,0,0.0,160,0.6113653699466057,0.3779703593819973,0.85338671875,0.583905415713196,0.6113653699466057,0.6113653699466057,0.0,0.47040427154843634
gemma-3-4b-pt,number,C1,P_out,3,0.08823529411764706,160,0.5598779557589627,0.3283674849178282,0.8515391212362504,0.583905415713196,0.6113653699466057,0.6113653699466057,-0.05148741418764302,nan
gemma-3-4b-pt,number,C1,P_out,6,0.17647058823529413,160,0.6487414187643021,0.3890757168458781,0.9115488063214927,0.583905415713196,0.6113653699466057,0.6113653699466057,0.037376048817696406,nan
gemma-3-4b-pt,number,C1,P_out,9,0.2647058823529412,160,0.761632341723875,0.5305062929061785,0.9708169661093603,0.583905415713196,0.6113653699466057,0.6113653699466057,0.15026697177726922,nan
gemma-3-4b-pt,number,C1,P_out,12,0.35294117647058826,160,0.7480930587337911,0.515953125,0.9792924935289042,0.583905415713196,0.6113653699466057,0.6113653699466057,0.13672768878718533,nan
gemma-3-4b-pt,number,C1,P_out,15,0.4411764705882353,160,0.677345537757437,0.46825150399369153,0.9566491234840664,0.583905415713196,0.6113653699466057,0.6113653699466057,0.06598016781083127,nan
gemma-3-4b-pt,number,C1,P_out,18,0.5294117647058824,160,0.7437070938215102,0.5022935520361991,0.9756295362903227,0.583905415713196,0.6113653699466057,0.6113653699466057,0.1323417238749045,nan
gemma-3-4b-pt,number,C1,P_out,21,0.6176470588235294,160,0.7358886346300534,0.5055927083333334,0.9785580394792325,0.583905415713196,0.6113653699466057,0.6113653699466057,0.12452326468344765,nan
gemma-3-4b-pt,number,C1,P_out,24,0.7058823529411765,160,0.6855453852021358,0.4684151188344038,0.9859938619728216,0.583905415713196,0.6113653699466057,0.6113653699466057,0.07418001525553009,0.5658085430968726
gemma-3-4b-pt,number,C1,P_out,27,0.7941176470588235,160,0.7097635392829901,0.4521808730667928,0.9688136839839264,0.583905415713196,0.6113653699466057,0.6113653699466057,0.09839816933638434,nan
gemma-3-4b-pt,number,C1,P_out,30,0.8823529411764706,160,0.7349351639969488,0.5120506937324372,0.9682624368106617,0.583905415713196,0.6113653699466057,0.6113653699466057,0.12356979405034307,nan
gemma-3-4b-pt,number,C1,P_out,33,0.9705882352941176,160,0.7923340961098398,0.592356599021095,0.9595370755370755,0.583905415713196,0.6113653699466057,0.6113653699466057,0.18096872616323412,nan
gemma-3-4b-pt,number,C1,P_cue,0,0.0,160,0.5,0.5,0.5,0.875,0.5,0.875,-0.375,0.5583125
gemma-3-4b-pt,number,C1,P_cue,3,0.08823529411764706,160,0.69046875,0.631953125,0.8083320312499999,0.875,0.5,0.875,-0.18453125000000004,nan
gemma-3-4b-pt,number,C1,P_cue,6,0.17647058823529413,160,0.8684375,0.78339453125,0.9678515624999999,0.875,0.5,0.875,-0.006562500000000027,nan
gemma-3-4b-pt,number,C1,P_cue,9,0.2647058823529412,160,0.8382812500000001,0.76373046875,0.9502539062499998,0.875,0.5,0.875,-0.03671874999999991,nan
gemma-3-4b-pt,number,C1,P_cue,12,0.35294117647058826,160,0.8946875,0.8290507812500001,0.9598515625000001,0.875,0.5,0.875,0.01968749999999997,nan
gemma-3-4b-pt,number,C1,P_cue,15,0.4411764705882353,160,0.86890625,0.79405859375,0.9630351562499999,0.875,0.5,0.875,-0.006093750000000009,nan
gemma-3-4b-pt,number,C1,P_cue,18,0.5294117647058824,160,0.99515625,0.980578125,1.0,0.875,0.5,0.875,0.12015624999999996,nan
gemma-3-4b-pt,number,C1,P_cue,21,0.6176470588235294,160,0.995625,0.9825,1.0,0.875,0.5,0.875,0.12062499999999998,nan
gemma-3-4b-pt,number,C1,P_cue,24,0.7058823529411765,160,0.9504687500000001,0.90573046875,1.0,0.875,0.5,0.875,0.07546875000000008,0.569609375
gemma-3-4b-pt,number,C1,P_cue,27,0.7941176470588235,160,0.9146875,0.8577890625,0.9856562499999999,0.875,0.5,0.875,0.03968749999999999,nan
gemma-3-4b-pt,number,C1,P_cue,30,0.8823529411764706,160,0.918125,0.8661757812499999,0.9881484375,0.875,0.5,0.875,0.04312499999999997,nan
gemma-3-4b-pt,number,C1,P_cue,33,0.9705882352941176,160,0.9390625,0.89243359375,0.9873671875,0.875,0.5,0.875,0.06406250000000002,nan
gemma-3-4b-pt,number,C3,P_out,0,0.0,160,0.9643874643874645,0.9577218728162125,0.9761904761904763,0.9903846153846154,0.9643874643874645,0.9903846153846154,-0.025997150997150942,0.5676638176638176
gemma-3-4b-pt,number,C3,P_out,3,0.08823529411764706,160,0.9772079772079771,0.9672364672364673,0.9951215170573661,0.9903846153846154,0.9643874643874645,0.9903846153846154,-0.013176638176638278,nan
gemma-3-4b-pt,number,C3,P_out,6,0.17647058823529413,160,0.9914529914529915,0.9853198000898472,1.0,0.9903846153846154,0.9643874643874645,0.9903846153846154,0.0010683760683760646,nan
gemma-3-4b-pt,number,C3,P_out,9,0.2647058823529412,160,0.9886039886039886,0.9793370020964361,0.9980127976190476,0.9903846153846154,0.9643874643874645,0.9903846153846154,-0.0017806267806268483,nan
gemma-3-4b-pt,number,C3,P_out,12,0.35294117647058826,160,0.9928774928774928,0.986722571628232,1.0,0.9903846153846154,0.9643874643874645,0.9903846153846154,0.00249287749287741,nan
gemma-3-4b-pt,number,C3,P_out,15,0.4411764705882353,160,0.9935897435897436,0.9871794871794872,1.0,0.9903846153846154,0.9643874643874645,0.9903846153846154,0.0032051282051281937,nan
gemma-3-4b-pt,number,C3,P_out,18,0.5294117647058824,160,0.9921652421652422,0.9853249475890986,1.0,0.9903846153846154,0.9643874643874645,0.9903846153846154,0.0017806267806267373,nan
gemma-3-4b-pt,number,C3,P_out,21,0.6176470588235294,160,0.9964387464387464,0.9902007992662474,1.0,0.9903846153846154,0.9643874643874645,0.9903846153846154,0.006054131054130996,nan
gemma-3-4b-pt,number,C3,P_out,24,0.7058823529411765,160,0.9928774928774928,0.9866071428571429,1.0,0.9903846153846154,0.9643874643874645,0.9903846153846154,0.00249287749287741,0.5468660968660969
gemma-3-4b-pt,number,C3,P_out,27,0.7941176470588235,160,0.9935897435897436,0.9866071428571429,1.0,0.9903846153846154,0.9643874643874645,0.9903846153846154,0.0032051282051281937,nan
gemma-3-4b-pt,number,C3,P_out,30,0.8823529411764706,160,0.9928774928774928,0.9854461580086579,0.9993407707910751,0.9903846153846154,0.9643874643874645,0.9903846153846154,0.00249287749287741,nan
gemma-3-4b-pt,number,C3,P_out,33,0.9705882352941176,160,0.9935897435897436,0.9865965097402598,1.0,0.9903846153846154,0.9643874643874645,0.9903846153846154,0.0032051282051281937,nan
gemma-3-4b-pt,rationality,C1,P_out,0,0.0,210,0.1505555555555555,0.021812144212523723,0.3513033205619412,0.4707407407407408,0.1505555555555555,0.4707407407407408,-0.3201851851851853,0.1505555555555555
gemma-3-4b-pt,rationality,C1,P_out,3,0.08823529411764706,210,0.6162037037037037,0.30116185645381144,0.8578379325048733,0.4707407407407408,0.1505555555555555,0.4707407407407408,0.1454629629629629,nan
gemma-3-4b-pt,rationality,C1,P_out,6,0.17647058823529413,210,0.7600925925925927,0.4942695096122517,0.9193854840786889,0.4707407407407408,0.1505555555555555,0.4707407407407408,0.28935185185185186,nan
gemma-3-4b-pt,rationality,C1,P_out,9,0.2647058823529412,210,0.7071296296296296,0.4273020862934546,0.9120670634920633,0.4707407407407408,0.1505555555555555,0.4707407407407408,0.23638888888888876,nan
gemma-3-4b-pt,rationality,C1,P_out,12,0.35294117647058826,210,0.7517592592592592,0.49937746216048107,0.939061434162706,0.4707407407407408,0.1505555555555555,0.4707407407407408,0.28101851851851845,nan
gemma-3-4b-pt,rationality,C1,P_out,15,0.4411764705882353,210,0.6367592592592592,0.3725471411068356,0.8741099468713104,0.4707407407407408,0.1505555555555555,0.4707407407407408,0.16601851851851845,nan
gemma-3-4b-pt,rationality,C1,P_out,18,0.5294117647058824,210,0.5699074074074073,0.257072211895353,0.8456232749001643,0.4707407407407408,0.1505555555555555,0.4707407407407408,0.09916666666666651,nan
gemma-3-4b-pt,rationality,C1,P_out,21,0.6176470588235294,210,0.55,0.22964991605616608,0.8426487983019554,0.4707407407407408,0.1505555555555555,0.4707407407407408,0.07925925925925925,nan
gemma-3-4b-pt,rationality,C1,P_out,24,0.7058823529411765,210,0.6196296296296295,0.30492548717713025,0.8844961934788984,0.4707407407407408,0.1505555555555555,0.4707407407407408,0.14888888888888874,0.2994675925925926
gemma-3-4b-pt,rationality,C1,P_out,27,0.7941176470588235,210,0.6162962962962963,0.27404933828711187,0.8713849132090412,0.4707407407407408,0.1505555555555555,0.4707407407407408,0.14555555555555555,nan
gemma-3-4b-pt,rationality,C1,P_out,30,0.8823529411764706,210,0.6193518518518519,0.28878367130750604,0.8771084721581967,0.4707407407407408,0.1505555555555555,0.4707407407407408,0.14861111111111114,nan
gemma-3-4b-pt,rationality,C1,P_out,33,0.9705882352941176,210,0.6221296296296297,0.3159694806884502,0.8853781212502142,0.4707407407407408,0.1505555555555555,0.4707407407407408,0.1513888888888889,nan
gemma-3-4b-pt,rationality,C1,P_cue,0,0.0,210,0.5,0.5,0.5,0.9889795918367348,0.5,0.9889795918367348,-0.4889795918367348,0.5
gemma-3-4b-pt,rationality,C1,P_cue,3,0.08823529411764706,210,0.9706122448979592,0.9220378037605622,1.0,0.9889795918367348,0.5,0.9889795918367348,-0.01836734693877562,nan
gemma-3-4b-pt,rationality,C1,P_cue,6,0.17647058823529413,210,0.9747845804988662,0.9380067043074717,0.9996538227336806,0.9889795918367348,0.5,0.9889795918367348,-0.014195011337868602,nan
gemma-3-4b-pt,rationality,C1,P_cue,9,0.2647058823529412,210,0.9952834467120182,0.9801906272469743,1.0,0.9889795918367348,0.5,0.9889795918367348,0.006303854875283399,nan
gemma-3-4b-pt,rationality,C1,P_cue,12,0.35294117647058826,210,0.9992743764172336,0.9978231292517007,1.0,0.9889795918367348,0.5,0.9889795918367348,0.010294784580498817,nan
gemma-3-4b-pt,rationality,C1,P_cue,15,0.4411764705882353,210,1.0,0.9999999999999999,1.0,0.9889795918367348,0.5,0.9889795918367348,0.011020408163265216,nan
gemma-3-4b-pt,rationality,C1,P_cue,18,0.5294117647058824,210,0.9998185941043084,0.9993060004275116,1.0,0.9889795918367348,0.5,0.9889795918367348,0.010839002267573616,nan
gemma-3-4b-pt,rationality,C1,P_cue,21,0.6176470588235294,210,0.999546485260771,0.9979812805183375,1.0,0.9889795918367348,0.5,0.9889795918367348,0.010566893424036161,nan
gemma-3-4b-pt,rationality,C1,P_cue,24,0.7058823529411765,210,0.9992743764172335,0.9972414860244189,1.0,0.9889795918367348,0.5,0.9889795918367348,0.010294784580498706,0.5401950113378685
gemma-3-4b-pt,rationality,C1,P_cue,27,0.7941176470588235,210,0.995827664399093,0.9903489883132741,1.0,0.9889795918367348,0.5,0.9889795918367348,0.006848072562358198,nan
gemma-3-4b-pt,rationality,C1,P_cue,30,0.8823529411764706,210,0.9990022675736961,0.9961009727240188,1.0,0.9889795918367348,0.5,0.9889795918367348,0.010022675736961362,nan
gemma-3-4b-pt,rationality,C1,P_cue,33,0.9705882352941176,210,1.0,0.9999999999999999,1.0,0.9889795918367348,0.5,0.9889795918367348,0.011020408163265216,nan
gemma-3-4b-pt,rationality,C3,P_out,0,0.0,400,0.8715679965679966,0.8473910845644309,0.9006087291972262,0.9979622479622479,0.8715679965679966,0.9979622479622479,-0.1263942513942513,0.5078560703560704
gemma-3-4b-pt,rationality,C3,P_out,3,0.08823529411764706,400,0.9942084942084942,0.9821118997198509,1.0,0.9979622479622479,0.8715679965679966,0.9979622479622479,-0.0037537537537536414,nan
gemma-3-4b-pt,rationality,C3,P_out,6,0.17647058823529413,400,0.9978549978549979,0.9944920374519847,1.0,0.9979622479622479,0.8715679965679966,0.9979622479622479,-0.00010725010724998985,nan
gemma-3-4b-pt,rationality,C3,P_out,9,0.2647058823529412,400,0.9979622479622481,0.9950492997941989,1.0,0.9979622479622479,0.8715679965679966,0.9979622479622479,2.220446049250313e-16,nan
gemma-3-4b-pt,rationality,C3,P_out,12,0.35294117647058826,400,0.9997854997854997,0.99915286633392,1.0,0.9979622479622479,0.8715679965679966,0.9979622479622479,0.0018232518232518258,nan
gemma-3-4b-pt,rationality,C3,P_out,15,0.4411764705882353,400,0.9998927498927499,0.9995293471922061,1.0,0.9979622479622479,0.8715679965679966,0.9979622479622479,0.0019305019305020377,nan
gemma-3-4b-pt,rationality,C3,P_out,18,0.5294117647058824,400,0.9998927498927499,0.9995293471922061,1.0,0.9979622479622479,0.8715679965679966,0.9979622479622479,0.0019305019305020377,nan
gemma-3-4b-pt,rationality,C3,P_out,21,0.6176470588235294,400,0.9998927498927499,0.9995293471922061,1.0,0.9979622479622479,0.8715679965679966,0.9979622479622479,0.0019305019305020377,nan
gemma-3-4b-pt,rationality,C3,P_out,24,0.7058823529411765,400,0.9995709995709996,0.9984141891035245,1.0,0.9979622479622479,0.8715679965679966,0.9979622479622479,0.001608751608751735,0.5422659266409267
gemma-3-4b-pt,rationality,C3,P_out,27,0.7941176470588235,400,0.9991419991419992,0.997658892595478,1.0,0.9979622479622479,0.8715679965679966,0.9979622479622479,0.0011797511797513316,nan
gemma-3-4b-pt,rationality,C3,P_out,30,0.8823529411764706,400,0.9990347490347491,0.9972235121713192,1.0,0.9979622479622479,0.8715679965679966,0.9979622479622479,0.0010725010725012307,nan
gemma-3-4b-pt,rationality,C3,P_out,33,0.9705882352941176,400,0.9994637494637495,0.9980836698577968,1.0,0.9979622479622479,0.8715679965679966,0.9979622479622479,0.0015015015015016342,nan
